"CBSA","CBSA Code","Year","Days with AQI","Good Days","Moderate Days","Unhealthy for Sensitive Groups Days","Unhealthy Days","Very Unhealthy Days","Hazardous Days","Max AQI","90th Percentile AQI","Median AQI","Days CO","Days NO2","Days Ozone","Days PM2.5","Days PM10"
"Aberdeen, SD","10100",2024,85,80,5,0,0,0,0,57,44,24,0,0,0,77,8
"Aberdeen, WA","10140",2024,121,121,0,0,0,0,0,48,26,18,0,0,0,121,0
"Ada, OK","10220",2024,181,135,46,0,0,0,0,77,58,41,0,0,111,69,1
"Adrian, MI","10300",2024,91,60,31,0,0,0,0,77,62,41,0,0,19,72,0
"Akron, OH","10420",2024,157,102,53,2,0,0,0,108,70,46,0,0,92,65,0
"Albany, GA","10500",2024,166,93,69,4,0,0,0,121,75,47,0,0,0,166,0
"Albany, OR","10540",2024,91,79,12,0,0,0,0,64,52,34,0,0,0,91,0
"Albany-Schenectady-Troy, NY","10580",2024,182,154,28,0,0,0,0,100,53,38,0,0,133,49,0
"Albuquerque, NM","10740",2024,92,55,33,3,0,0,1,443,62,46,1,2,43,32,14
"Alexandria, LA","10780",2024,31,29,2,0,0,0,0,78,47,29,0,0,0,31,0
"Allentown-Bethlehem-Easton, PA-NJ","10900",2024,152,123,29,0,0,0,0,81,57,34,0,18,29,105,0
"Altoona, PA","11020",2024,152,138,14,0,0,0,0,69,48,24,0,0,0,152,0
"Amarillo, TX","11100",2024,152,117,34,1,0,0,0,138,61,42,0,0,135,17,0
"Americus, GA","11140",2024,92,83,9,0,0,0,0,84,50,41,0,0,92,0,0
"Anchorage, AK","11260",2024,92,64,28,0,0,0,0,80,64,31,3,0,0,78,11
"Ann Arbor, MI","11460",2024,152,112,40,0,0,0,0,81,62,43,0,0,92,60,0
"Appleton, WI","11540",2024,91,70,21,0,0,0,0,76,60,32,0,0,6,85,0
"Ardmore, OK","11620",2024,151,93,56,2,0,0,0,126,67,46,0,0,56,95,0
"Arkadelphia, AR","11660",2024,150,142,8,0,0,0,0,67,46,34,0,0,150,0,0
"Asheville, NC","11700",2024,121,79,42,0,0,0,0,90,64,46,0,0,54,67,0
"Ashtabula, OH","11780",2024,122,99,21,2,0,0,0,108,61,41,0,0,122,0,0
"Athens, OH","11900",2024,182,168,14,0,0,0,0,62,45,27,0,0,0,182,0
"Athens, TN","11940",2024,83,60,23,0,0,0,0,89,57,33,0,0,0,83,0
"Athens-Clarke County, GA","12020",2024,182,113,67,2,0,0,0,126,65,46,0,0,63,119,0
"Atlanta-Sandy Springs-Roswell, GA","12060",2024,183,61,118,3,1,0,0,154,80,56,1,3,56,123,0
"Atlantic City-Hammonton, NJ","12100",2024,91,80,11,0,0,0,0,66,51,32,0,0,39,52,0
"Augusta-Richmond County, GA-SC","12260",2024,191,96,94,1,0,0,0,105,71,50,0,0,73,118,0
"Augusta-Waterville, ME","12300",2024,213,176,37,0,0,0,0,77,53,38,0,0,104,109,0
"Austin-Round Rock, TX","12420",2024,122,48,74,0,0,0,0,95,67,53,1,0,26,93,2
"Bakersfield, CA","12540",2024,152,68,79,5,0,0,0,122,84,52,0,0,102,50,0
"Baltimore-Columbia-Towson, MD","12580",2024,183,111,67,5,0,0,0,122,75,46,1,2,117,63,0
"Bangor, ME","12620",2024,204,193,11,0,0,0,0,67,48,35,0,0,145,53,6
"Baraboo, WI","12660",2024,91,76,15,0,0,0,0,66,53,31,0,0,6,85,0
"Barnstable Town, MA","12700",2024,173,168,4,1,0,0,0,101,46,38,0,0,173,0,0
"Bartlesville, OK","12780",2024,121,71,47,2,1,0,0,156,67,47,0,0,65,56,0
"Baton Rouge, LA","12940",2024,183,77,101,5,0,0,0,147,76,52,1,0,75,107,0
"Bay City, MI","13020",2024,90,69,21,0,0,0,0,73,58,40,0,0,0,90,0
"Beatrice, NE","13100",2024,158,126,32,0,0,0,0,69,55,30,0,0,0,158,0
"Beaumont-Port Arthur, TX","13140",2024,121,63,58,0,0,0,0,90,60,49,0,0,40,81,0
"Beaver Dam, WI","13180",2024,92,74,18,0,0,0,0,66,53,37,1,0,57,34,0
"Bellingham, WA","13380",2024,115,114,1,0,0,0,0,51,44,28,0,0,0,115,0
"Bemidji, MN","13420",2024,90,82,8,0,0,0,0,62,49,33,0,0,25,65,0
"Bend-Redmond, OR","13460",2024,91,84,7,0,0,0,0,60,48,21,0,0,0,91,0
"Bennington, VT","13540",2024,91,88,3,0,0,0,0,52,45,37,0,0,68,23,0
"Berlin, NH-VT","13620",2024,92,87,5,0,0,0,0,61,48,42,1,0,91,0,0
"Billings, MT","13740",2024,91,83,8,0,0,0,0,58,44,36,0,4,50,37,0
"Birmingham-Hoover, AL","13820",2024,53,46,7,0,0,0,0,88,54,40,0,0,31,22,0
"Bishop, CA","13860",2024,152,52,93,2,2,0,3,1322,86,58,0,0,82,54,16
"Bismarck, ND","13900",2024,183,147,34,2,0,0,0,127,56,40,1,1,121,58,2
"Blacksburg-Christiansburg-Radford, VA","13980",2024,143,128,15,0,0,0,0,80,51,41,0,0,143,0,0
"Bloomington, IL","14010",2024,182,123,58,1,0,0,0,112,61,44,0,0,100,82,0
"Bloomington, IN","14020",2024,182,134,48,0,0,0,0,97,57,42,0,0,99,83,0
"Boise City, ID","14260",2024,92,57,31,2,2,0,0,157,62,46,1,3,20,68,0
"Boston-Cambridge-Newton, MA-NH","14460",2024,183,146,37,0,0,0,0,97,59,43,1,2,129,49,2
"Boulder, CO","14500",2024,152,123,29,0,0,0,0,87,56,42,0,0,72,72,8
"Bowling Green, KY","14540",2024,152,131,21,0,0,0,0,61,52,40,0,0,106,46,0
"Bozeman, MT","14580",2024,153,141,12,0,0,0,0,69,45,20,8,7,0,138,0
"Brainerd, MN","14660",2024,90,73,17,0,0,0,0,68,56,37,0,0,27,63,0
"Bremerton-Silverdale, WA","14740",2024,108,106,2,0,0,0,0,54,38,19,0,0,0,108,0
"Bridgeport-Stamford-Norwalk, CT","14860",2024,91,74,17,0,0,0,0,64,56,38,0,11,26,54,0
"Brookings, SD","15100",2024,91,88,3,0,0,0,0,53,37,30,0,0,66,22,3
"Brownsville-Harlingen, TX","15180",2024,121,26,71,21,3,0,0,157,124,67,0,0,24,97,0
"Brunswick, GA","15260",2024,176,143,33,0,0,0,0,84,56,39,0,0,50,126,0
"Buffalo-Cheektowaga-Niagara Falls, NY","15380",2024,183,135,47,1,0,0,0,105,57,42,1,6,104,71,1
"Burlington-South Burlington, VT","15540",2024,92,83,9,0,0,0,0,62,45,38,1,0,63,28,0
"Butte-Silver Bow, MT","15580",2024,91,59,32,0,0,0,0,95,60,37,0,0,0,89,2
"Cadillac, MI","15620",2024,152,135,17,0,0,0,0,80,52,39,0,0,129,23,0
"Cambridge, MD","15700",2024,177,159,18,0,0,0,0,71,51,38,0,0,131,46,0
"Canton-Massillon, OH","15940",2024,182,101,81,0,0,0,0,93,67,47,0,0,61,121,0
"Cape Coral-Fort Myers, FL","15980",2024,182,161,21,0,0,0,0,80,54,38,0,0,182,0,0
"Carlsbad-Artesia, NM","16100",2024,152,96,49,7,0,0,0,115,90,46,0,0,152,0,0
"Carson City, NV","16180",2024,91,84,7,0,0,0,0,66,48,41,0,0,70,21,0
"Casper, WY","16220",2024,91,89,2,0,0,0,0,53,44,38,0,0,88,3,0
"Ca?on City, CO","15860",2024,152,152,0,0,0,0,0,43,23,12,0,0,0,0,152
"Cedar City, UT","16260",2024,212,164,48,0,0,0,0,80,61,44,0,4,194,14,0
"Cedar Rapids, IA","16300",2024,213,146,67,0,0,0,0,77,60,45,0,0,104,109,0
"Centralia, WA","16500",2024,115,114,1,0,0,0,0,60,41,23,0,0,0,115,0
"Champaign-Urbana, IL","16580",2024,183,130,53,0,0,0,0,96,61,44,0,0,110,73,0
"Charleston, WV","16620",2024,92,81,11,0,0,0,0,66,53,31,4,0,43,45,0
"Charleston-North Charleston, SC","16700",2024,211,142,69,0,0,0,0,90,58,44,0,0,103,108,0
"Charlotte-Concord-Gastonia, NC-SC","16740",2024,214,104,108,2,0,0,0,115,74,51,1,0,104,109,0
"Charlottesville, VA","16820",2024,211,163,48,0,0,0,0,85,55,42,0,0,79,132,0
"Chattanooga, TN-GA","16860",2024,182,86,96,0,0,0,0,98,69,52,0,0,45,137,0
"Cheyenne, WY","16940",2024,92,86,6,0,0,0,0,58,49,42,1,0,71,20,0
"Chicago-Naperville-Elgin, IL-IN-WI","16980",2024,184,55,126,2,1,0,0,166,79,55,1,10,57,103,13
"Chico, CA","17020",2024,57,43,14,0,0,0,0,69,57,34,1,0,13,43,0
"Cincinnati, OH-KY-IN","17140",2024,183,68,108,7,0,0,0,129,74,54,1,4,61,116,1
"Claremont-Lebanon, NH-VT","17200",2024,150,148,2,0,0,0,0,54,44,36,0,0,132,18,0
"Clarksburg, WV","17220",2024,27,24,3,0,0,0,0,58,51,24,0,0,0,27,0
"Clarksville, TN-KY","17300",2024,91,71,20,0,0,0,0,69,55,38,0,0,17,74,0
"Clearlake, CA","17340",2024,31,31,0,0,0,0,0,36,26,15,0,0,0,31,0
"Cleveland, MS","17380",2024,91,80,11,0,0,0,0,68,56,35,0,0,18,73,0
"Cleveland-Elyria, OH","17460",2024,183,68,109,6,0,0,0,136,80,55,1,1,67,107,7
"Clinton, IA","17540",2024,212,138,74,0,0,0,0,84,58,46,0,0,102,110,0
"Coeur d'Alene, ID","17660",2024,87,87,0,0,0,0,0,48,35,19,0,0,0,87,0
"College Station-Bryan, TX","17780",2024,113,82,31,0,0,0,0,68,57,32,0,0,0,113,0
"Colorado Springs, CO","17820",2024,159,128,30,1,0,0,0,129,58,44,0,0,104,48,7
"Columbia, MO","17860",2024,36,33,3,0,0,0,0,58,50,39,0,0,36,0,0
"Columbia, SC","17900",2024,212,123,88,1,0,0,0,141,63,47,0,1,62,149,0
"Columbus, GA-AL","17980",2024,213,127,79,7,0,0,0,127,67,46,0,0,77,136,0
"Columbus, IN","18020",2024,213,158,54,1,0,0,0,101,58,44,0,0,143,70,0
"Columbus, OH","18140",2024,182,81,100,1,0,0,0,101,71,52,0,1,65,107,9
"Concord, NH","18180",2024,31,31,0,0,0,0,0,44,43,38,0,0,31,0,0
"Cookeville, TN","18260",2024,86,74,12,0,0,0,0,63,53,29,0,0,0,86,0
"Corning, NY","18500",2024,183,166,17,0,0,0,0,68,50,37,2,0,153,28,0
"Corpus Christi, TX","18580",2024,91,50,41,0,0,0,0,81,66,46,0,0,29,62,0
"Corsicana, TX","18620",2024,91,71,20,0,0,0,0,67,56,42,0,0,48,43,0
"Crescent City, CA","18860",2024,38,34,4,0,0,0,0,55,51,35,0,0,0,38,0
"Crestview-Fort Walton Beach-Destin, FL","18880",2024,91,87,4,0,0,0,0,71,47,36,0,0,91,0,0
"Dallas-Fort Worth-Arlington, TX","19100",2024,92,36,56,0,0,0,0,78,66,53,1,1,12,77,1
"Dalton, GA","19140",2024,90,71,19,0,0,0,0,77,61,43,0,0,90,0,0
"Daphne-Fairhope-Foley, AL","19300",2024,111,98,13,0,0,0,0,66,51,33,0,0,23,88,0
"Davenport-Moline-Rock Island, IA-IL","19340",2024,214,131,83,0,0,0,0,90,63,47,1,0,108,77,28
"Dayton, OH","19380",2024,183,105,75,3,0,0,0,147,67,48,1,0,93,89,0
"Decatur, AL","19460",2024,121,85,36,0,0,0,0,79,58,36,0,0,18,103,0
"Decatur, IL","19500",2024,182,128,53,1,0,0,0,101,59,43,0,0,87,95,0
"Deltona-Daytona Beach-Ormond Beach, FL","19660",2024,91,74,17,0,0,0,0,76,54,42,0,0,53,38,0
"Deming, NM","19700",2024,91,87,2,1,1,0,0,153,31,7,0,0,0,0,91
"Denver-Aurora-Lakewood, CO","19740",2024,194,101,92,1,0,0,0,112,71,49,0,16,61,101,16
"Des Moines-West Des Moines, IA","19780",2024,213,139,74,0,0,0,0,80,59,46,0,2,106,105,0
"Detroit-Warren-Dearborn, MI","19820",2024,92,28,62,1,1,0,0,152,74,56,1,0,7,84,0
"Dickinson, ND","19860",2024,182,169,12,1,0,0,0,106,49,38,0,0,160,22,0
"Dodge City, KS","19980",2024,91,90,1,0,0,0,0,61,28,11,0,0,0,0,91
"Douglas, GA","20060",2024,152,100,51,1,0,0,0,137,62,44,0,0,0,152,0
"Dover, DE","20100",2024,61,48,13,0,0,0,0,77,59,40,0,0,40,21,0
"Duluth, MN-WI","20260",2024,152,134,18,0,0,0,0,71,51,39,0,0,120,32,0
"Durango, CO","20420",2024,213,127,85,1,0,0,0,101,77,48,0,2,204,7,0
"Durham-Chapel Hill, NC","20500",2024,121,59,62,0,0,0,0,89,63,51,0,0,45,76,0
"Dyersburg, TN","20540",2024,83,69,14,0,0,0,0,62,53,28,0,0,0,83,0
"Eagle Pass, TX","20580",2024,117,78,39,0,0,0,0,96,69,34,0,0,0,117,0
"Eau Claire, WI","20740",2024,91,70,21,0,0,0,0,69,58,36,0,0,5,86,0
"Effingham, IL","20820",2024,122,110,11,1,0,0,0,101,50,41,0,0,122,0,0
"El Centro, CA","20940",2024,157,63,79,15,0,0,0,133,100,54,0,0,98,44,15
"El Dorado, AR","20980",2024,61,37,24,0,0,0,0,75,62,44,0,0,0,61,0
"El Paso, TX","21340",2024,91,39,43,5,1,0,3,431,96,53,0,7,23,36,25
"Elizabethtown-Fort Knox, KY","21060",2024,96,80,16,0,0,0,0,63,55,39,0,0,18,78,0
"Elkhart-Goshen, IN","21140",2024,182,125,57,0,0,0,0,93,64,44,0,0,108,74,0
"Elko, NV","21220",2024,91,91,0,0,0,0,0,31,19,8,0,0,0,0,91
"Ellensburg, WA","21260",2024,121,106,15,0,0,0,0,79,53,22,0,0,0,121,0
"Erie, PA","21500",2024,153,134,19,0,0,0,0,65,53,28,2,26,0,125,0
"Espa?ola, NM","21580",2024,90,84,6,0,0,0,0,58,49,43,0,0,90,0,0
"Eugene, OR","21660",2024,91,47,44,0,0,0,0,84,61,48,0,0,0,91,0
"Eureka-Arcata-Fortuna, CA","21700",2024,205,187,18,0,0,0,0,86,48,33,0,0,60,145,0
"Evanston, WY","21740",2024,91,91,0,0,0,0,0,16,6,4,0,0,0,0,91
"Evansville, IN-KY","21780",2024,213,145,66,2,0,0,0,122,61,46,0,0,131,82,0
"Fairbanks, AK","21820",2024,92,27,53,9,2,1,0,220,121,61,1,0,10,81,0
"Fairmont, WV","21900",2024,27,22,5,0,0,0,0,57,51,25,0,0,0,27,0
"Fallon, NV","21980",2024,91,89,2,0,0,0,0,51,44,37,0,0,91,0,0
"Fargo, ND-MN","22020",2024,182,166,15,1,0,0,0,134,50,37,0,0,127,55,0
"Farmington, NM","22140",2024,165,110,50,5,0,0,0,105,90,45,0,3,161,0,1
"Fayetteville, NC","22180",2024,121,83,37,1,0,0,0,110,61,44,0,0,51,69,1
"Fayetteville-Springdale-Rogers, AR-MO","22220",2024,182,150,31,1,0,0,0,101,54,43,0,0,149,33,0
"Fernley, NV","22280",2024,89,88,1,0,0,0,0,51,45,38,0,0,89,0,0
"Flagstaff, AZ","22380",2024,152,109,41,2,0,0,0,108,74,45,0,0,152,0,0
"Flint, MI","22420",2024,91,71,20,0,0,0,0,70,55,37,0,0,26,65,0
"Florence, SC","22500",2024,188,112,76,0,0,0,0,100,62,47,0,0,73,115,0
"Fond du Lac, WI","22540",2024,7,7,0,0,0,0,0,41,41,36,0,0,7,0,0
"Fort Collins, CO","22660",2024,152,85,67,0,0,0,0,93,71,50,0,0,127,25,0
"Fort Payne, AL","22840",2024,152,120,32,0,0,0,0,77,58,42,0,0,116,36,0
"Fort Smith, AR-OK","22900",2024,120,77,43,0,0,0,0,87,60,44,0,0,5,115,0
"Fort Wayne, IN","23060",2024,182,116,66,0,0,0,0,100,64,46,0,0,101,81,0
"Fresno, CA","23420",2024,182,96,76,9,1,0,0,151,84,49,0,0,124,58,0
"Gadsden, AL","23460",2024,120,74,46,0,0,0,0,93,66,42,0,0,14,106,0
"Gainesville, FL","23540",2024,91,80,11,0,0,0,0,94,53,38,0,0,54,37,0
"Gainesville, GA","23580",2024,182,92,90,0,0,0,0,100,70,50,0,0,0,182,0
"Gardnerville Ranchos, NV","23820",2024,91,82,9,0,0,0,0,76,50,23,0,0,0,91,0
"Gettysburg, PA","23900",2024,153,93,57,3,0,0,0,131,64,44,2,0,83,68,0
"Gillette, WY","23940",2024,176,157,19,0,0,0,0,94,51,31,0,0,47,87,42
"Glenwood Springs, CO","24060",2024,181,170,11,0,0,0,0,77,50,44,0,0,178,2,1
"Grand Island, NE","24260",2024,183,145,38,0,0,0,0,80,55,29,0,0,0,183,0
"Grand Junction, CO","24300",2024,185,151,34,0,0,0,0,90,54,43,0,0,169,11,5
"Grand Rapids-Wyoming, MI","24340",2024,92,48,44,0,0,0,0,91,65,49,1,1,29,61,0
"Grants Pass, OR","24420",2024,91,71,20,0,0,0,0,58,53,36,0,0,0,91,0
"Great Falls, MT","24500",2024,87,52,35,0,0,0,0,74,58,46,0,0,0,87,0
"Greeley, CO","24540",2024,154,103,51,0,0,0,0,88,61,45,0,0,76,78,0
"Green Bay, WI","24580",2024,91,70,21,0,0,0,0,80,61,31,0,0,6,85,0
"Greenfield Town, MA","24640",2024,181,150,31,0,0,0,0,93,55,38,0,0,126,55,0
"Greensboro-High Point, NC","24660",2024,121,94,27,0,0,0,0,87,60,41,0,0,55,56,10
"Greenville, NC","24780",2024,121,105,16,0,0,0,0,74,52,38,0,0,55,66,0
"Greenville-Anderson-Mauldin, SC","24860",2024,213,131,82,0,0,0,0,99,67,47,0,1,90,122,0
"Guayama, PR","25020",2024,27,26,1,0,0,0,0,53,29,14,0,0,0,0,27
"Gulfport-Biloxi-Pascagoula, MS","25060",2024,91,56,35,0,0,0,0,84,62,44,0,0,19,72,0
"Hagerstown-Martinsburg, MD-WV","25180",2024,182,144,38,0,0,0,0,97,58,42,0,0,117,65,0
"Hailey, ID","25200",2024,91,91,0,0,0,0,0,39,22,12,0,0,0,91,0
"Hammond, LA","25220",2024,32,23,9,0,0,0,0,74,55,40,0,0,0,32,0
"Harrisburg-Carlisle, PA","25420",2024,152,96,56,0,0,0,0,95,64,40,0,0,0,152,0
"Harrison, AR","25460",2024,182,176,6,0,0,0,0,67,48,40,0,0,182,0,0
"Harrisonburg, VA","25500",2024,213,163,50,0,0,0,0,83,55,43,0,8,85,120,0
"Hartford-West Hartford-East Hartford, CT","25540",2024,92,76,16,0,0,0,0,67,55,39,1,7,48,36,0
"Hattiesburg, MS","25620",2024,91,59,32,0,0,0,0,76,66,38,0,0,0,91,0
"Havre, MT","25660",2024,87,85,2,0,0,0,0,58,39,19,0,0,0,87,0
"Helena, MT","25740",2024,91,52,38,1,0,0,0,116,71,46,0,0,37,54,0
"Hermiston-Pendleton, OR","25840",2024,91,74,17,0,0,0,0,86,58,28,0,0,0,91,0
"Hickory-Lenoir-Morganton, NC","25860",2024,121,85,36,0,0,0,0,93,60,44,0,0,48,73,0
"Hilo, HI","25900",2024,121,119,2,0,0,0,0,53,29,20,0,0,0,121,0
"Hobbs, NM","26020",2024,89,84,5,0,0,0,0,70,47,38,0,0,72,17,0
"Holland, MI","26090",2024,91,52,38,0,1,0,0,154,63,48,0,0,10,81,0
"Homosassa Springs, FL","26140",2024,91,63,28,0,0,0,0,69,57,44,0,0,0,91,0
"Hot Springs, AR","26300",2024,47,30,17,0,0,0,0,73,62,45,0,0,0,47,0
"Houma-Thibodaux, LA","26380",2024,181,104,77,0,0,0,0,99,59,47,0,0,40,141,0
"Houston-The Woodlands-Sugar Land, TX","26420",2024,92,19,72,0,1,0,0,184,74,57,1,3,15,66,7
"Huntington-Ashland, WV-KY-OH","26580",2024,182,130,52,0,0,0,0,68,55,43,0,1,85,96,0
"Huntsville, AL","26620",2024,90,67,23,0,0,0,0,89,59,39,0,0,21,69,0
"Idaho Falls, ID","26820",2024,152,138,14,0,0,0,0,74,50,42,0,0,144,8,0
"Indiana, PA","26860",2024,148,137,11,0,0,0,0,58,48,27,0,0,0,148,0
"Indianapolis-Carmel-Anderson, IN","26900",2024,213,105,107,1,0,0,0,108,71,51,0,0,106,107,0
"Iowa City, IA","26980",2024,211,158,53,0,0,0,0,67,56,36,0,0,0,211,0
"Ithaca, NY","27060",2024,151,149,2,0,0,0,0,54,45,35,0,0,151,0,0
"Jackson, MS","27140",2024,92,60,32,0,0,0,0,85,66,44,1,0,35,56,0
"Jackson, TN","27180",2024,87,73,14,0,0,0,0,66,53,28,0,0,0,87,0
"Jackson, WY-ID","27220",2024,182,154,28,0,0,0,0,93,58,43,0,0,145,27,10
"Jacksonville, FL","27260",2024,92,48,44,0,0,0,0,94,64,50,1,0,20,71,0
"Jamestown-Dunkirk-Fredonia, NY","27460",2024,180,162,17,1,0,0,0,105,51,38,0,0,173,7,0
"Janesville-Beloit, WI","27500",2024,7,7,0,0,0,0,0,42,42,37,0,0,7,0,0
"Jasper, IN","27540",2024,152,108,44,0,0,0,0,65,57,39,0,0,0,152,0
"Jefferson City, MO","27620",2024,39,38,1,0,0,0,0,54,49,40,0,0,39,0,0
"Johnstown, PA","27780",2024,153,125,28,0,0,0,0,70,55,30,1,2,0,150,0
"Joplin, MO","27900",2024,89,76,13,0,0,0,0,99,54,30,0,0,28,0,61
"Juneau, AK","27940",2024,84,63,21,0,0,0,0,73,56,30,0,0,0,84,0
"Kahului-Wailuku-Lahaina, HI","27980",2024,91,90,0,1,0,0,0,101,33,21,0,0,0,91,0
"Kalamazoo-Portage, MI","28020",2024,91,53,38,0,0,0,0,100,68,45,0,0,13,78,0
"Kalispell, MT","28060",2024,152,128,24,0,0,0,0,77,53,40,0,0,99,42,11
"Kansas City, MO-KS","28140",2024,91,27,61,3,0,0,0,110,76,57,0,3,7,64,17
"Keene, NH","28300",2024,91,72,19,0,0,0,0,63,55,37,0,0,52,39,0
"Kennewick-Richland, WA","28420",2024,121,105,16,0,0,0,0,70,52,21,0,0,0,96,25
"Killeen-Temple, TX","28660",2024,121,84,37,0,0,0,0,84,62,42,0,0,69,52,0
"Kingsport-Bristol-Bristol, TN-VA","28700",2024,116,92,24,0,0,0,0,64,54,34,0,0,28,88,0
"Kingsville, TX","28780",2024,79,57,22,0,0,0,0,72,57,34,0,0,0,79,0
"Kinston, NC","28820",2024,121,115,6,0,0,0,0,74,48,19,0,0,61,0,60
"Klamath Falls, OR","28900",2024,91,75,16,0,0,0,0,63,53,32,0,0,0,91,0
"Knoxville, TN","28940",2024,213,106,107,0,0,0,0,88,66,51,0,0,81,132,0
"Kokomo, IN","29020",2024,182,110,72,0,0,0,0,93,63,46,0,0,108,74,0
"La Crosse-Onalaska, WI-MN","29100",2024,7,7,0,0,0,0,0,43,43,37,0,0,7,0,0
"La Grande, OR","29260",2024,91,88,3,0,0,0,0,63,41,23,0,0,0,91,0
"Laconia, NH","29060",2024,91,89,2,0,0,0,0,52,43,28,0,0,31,60,0
"Lafayette, LA","29180",2024,182,100,80,2,0,0,0,108,61,48,0,0,67,115,0
"Lafayette-West Lafayette, IN","29200",2024,182,115,67,0,0,0,0,90,61,46,0,0,109,73,0
"Lake Charles, LA","29340",2024,182,93,87,2,0,0,0,143,64,50,0,0,66,116,0
"Lake City, FL","29380",2024,91,55,36,0,0,0,0,80,59,44,0,0,21,70,0
"Lake Havasu City-Kingman, AZ","29420",2024,176,175,1,0,0,0,0,69,28,17,0,0,0,0,176
"Lakeland-Winter Haven, FL","29460",2024,91,68,22,1,0,0,0,105,54,43,0,0,50,41,0
"Lancaster, PA","29540",2024,152,87,63,2,0,0,0,125,67,47,0,0,0,152,0
"Lansing-East Lansing, MI","29620",2024,91,70,21,0,0,0,0,85,57,36,0,1,42,48,0
"Laramie, WY","29660",2024,182,126,54,2,0,0,0,115,67,47,0,0,135,32,15
"Laredo, TX","29700",2024,122,62,59,1,0,0,0,106,80,50,1,0,55,66,0
"Las Cruces, NM","29740",2024,91,51,32,3,1,1,3,692,88,46,0,2,38,33,18
"Las Vegas-Henderson-Paradise, NV","29820",2024,122,59,58,5,0,0,0,140,83,51,1,0,79,37,5
"Lawrenceburg, TN","29980",2024,90,71,19,0,0,0,0,80,57,33,0,0,0,90,0
"Lawton, OK","30020",2024,148,115,33,0,0,0,0,77,56,39,0,0,52,96,0
"Lebanon, PA","30140",2024,150,105,45,0,0,0,0,94,60,38,0,0,0,150,0
"Lewiston, ID-WA","30300",2024,120,81,39,0,0,0,0,92,66,37,0,0,0,120,0
"Lewiston-Auburn, ME","30340",2024,213,198,15,0,0,0,0,77,47,34,0,0,128,83,2
"Lexington-Fayette, KY","30460",2024,96,80,16,0,0,0,0,65,53,34,0,3,23,65,5
"Lima, OH","30620",2024,182,129,53,0,0,0,0,97,61,44,0,0,91,91,0
"Lincoln, NE","30700",2024,41,31,10,0,0,0,0,64,58,35,0,0,0,41,0
"Little Rock-North Little Rock-Conway, AR","30780",2024,183,88,93,1,0,1,0,205,65,51,1,0,49,133,0
"Logan, UT-ID","30860",2024,182,142,38,1,1,0,0,161,63,42,0,0,136,46,0
"Longview, TX","30980",2024,117,110,7,0,0,0,0,77,49,37,0,4,113,0,0
"Longview, WA","31020",2024,121,116,5,0,0,0,0,61,35,21,0,0,0,121,0
"Los Angeles-Long Beach-Anaheim, CA","31080",2024,153,36,110,7,0,0,0,140,87,59,1,1,55,93,3
"Louisville/Jefferson County, KY-IN","31140",2024,211,130,79,1,1,0,0,154,61,47,0,3,118,90,0
"Lubbock, TX","31180",2024,121,117,4,0,0,0,0,91,33,14,0,0,0,121,0
"Ludington, MI","31220",2024,31,31,0,0,0,0,0,44,42,37,0,0,31,0,0
"Lynchburg, VA","31340",2024,59,51,8,0,0,0,0,61,52,27,0,0,0,59,0
"Macon, GA","31420",2024,182,92,88,2,0,0,0,123,66,50,0,0,25,157,0
"Madison, WI","31540",2024,91,67,24,0,0,0,0,74,57,38,0,0,2,86,3
"Manchester-Nashua, NH","31700",2024,92,92,0,0,0,0,0,47,42,36,1,0,89,2,0
"Manitowoc, WI","31820",2024,7,7,0,0,0,0,0,44,44,42,0,0,7,0,0
"Marietta, OH","31930",2024,122,109,13,0,0,0,0,90,51,40,0,0,122,0,0
"Marshall, MN","32140",2024,90,76,14,0,0,0,0,67,54,34,0,0,21,65,4
"Marshall, TX","32220",2024,121,81,37,0,1,2,0,263,56,43,0,1,51,69,0
"Mayaguez, PR","32420",2024,176,176,0,0,0,0,0,38,29,15,0,0,108,68,0
"McAlester, OK","32540",2024,150,101,49,0,0,0,0,77,64,44,0,0,51,99,0
"McAllen-Edinburg-Mission, TX","32580",2024,121,42,77,2,0,0,0,105,87,56,0,0,16,100,5
"Medford, OR","32780",2024,91,72,19,0,0,0,0,75,54,37,0,0,0,91,0
"Memphis, TN-MS-AR","32820",2024,182,110,67,5,0,0,0,133,63,48,0,1,96,85,0
"Meridian, MS","32940",2024,31,31,0,0,0,0,0,47,45,39,0,0,31,0,0
"Miami, OK","33060",2024,91,55,36,0,0,0,0,100,69,42,0,0,4,83,4
"Miami-Fort Lauderdale-West Palm Beach, FL","33100",2024,182,66,114,1,1,0,0,197,64,52,0,5,46,130,1
"Michigan City-La Porte, IN","33140",2024,182,150,31,1,0,0,0,105,60,40,0,0,161,21,0
"Middlesborough, KY","33180",2024,91,52,39,0,0,0,0,88,66,44,0,0,19,72,0
"Milwaukee-Waukesha-West Allis, WI","33340",2024,92,66,26,0,0,0,0,79,66,43,1,8,5,74,4
"Minneapolis-St. Paul-Bloomington, MN-WI","33460",2024,91,54,36,1,0,0,0,113,70,44,0,1,39,51,0
"Minot, ND","33500",2024,182,173,8,1,0,0,0,101,47,37,0,0,135,47,0
"Missoula, MT","33540",2024,91,40,51,0,0,0,0,92,70,52,0,0,12,79,0
"Mobile, AL","33660",2024,120,78,42,0,0,0,0,77,57,44,0,0,18,101,1
"Modesto, CA","33700",2024,55,33,22,0,0,0,0,81,68,40,1,0,4,50,0
"Monroe, LA","33740",2024,182,169,13,0,0,0,0,80,48,39,0,0,168,14,0
"Montgomery, AL","33860",2024,113,70,43,0,0,0,0,75,58,41,0,0,16,96,1
"Morehead City, NC","33980",2024,151,147,4,0,0,0,0,71,47,38,0,0,151,0,0
"Morgantown, WV","34060",2024,48,43,5,0,0,0,0,57,51,39,0,0,30,18,0
"Morristown, TN","34100",2024,31,29,2,0,0,0,0,58,46,39,0,0,31,0,0
"Moscow, ID","34140",2024,91,88,3,0,0,0,0,59,32,12,0,0,0,91,0
"Moses Lake, WA","34180",2024,121,115,6,0,0,0,0,54,40,22,0,0,0,121,0
"Mount Vernon, IL","34500",2024,182,127,54,1,0,0,0,112,58,44,0,0,77,105,0
"Mount Vernon, OH","34540",2024,122,101,20,1,0,0,0,101,61,42,0,0,122,0,0
"Mount Vernon-Anacortes, WA","34580",2024,121,121,0,0,0,0,0,42,36,21,0,0,0,121,0
"Muncie, IN","34620",2024,181,126,55,0,0,0,0,97,61,44,0,0,111,70,0
"Muscatine, IA","34700",2024,213,163,50,0,0,0,0,78,55,37,0,0,0,213,0
"Muskegon, MI","34740",2024,31,31,0,0,0,0,0,44,41,36,0,0,31,0,0
"Myrtle Beach-Conway-North Myrtle Beach, SC-NC","34820",2024,182,135,47,0,0,0,0,87,57,43,0,0,102,80,0
"Naples-Immokalee-Marco Island, FL","34940",2024,182,125,57,0,0,0,0,87,58,45,0,0,70,112,0
"Nashville-Davidson--Murfreesboro--Franklin, TN","34980",2024,92,49,43,0,0,0,0,70,60,48,1,3,9,79,0
"New Castle, IN","35220",2024,152,115,37,0,0,0,0,75,55,36,0,0,0,152,0
"New Haven-Milford, CT","35300",2024,92,70,22,0,0,0,0,64,56,41,1,5,40,46,0
"New Orleans-Metairie, LA","35380",2024,183,106,73,3,1,0,0,188,67,48,1,3,88,91,0
"New York-Newark-Jersey City, NY-NJ-PA","35620",2024,183,90,84,8,1,0,0,151,87,51,1,11,83,88,0
"Niles-Benton Harbor, MI","35660",2024,31,31,0,0,0,0,0,48,44,36,0,0,31,0,0
"Nogales, AZ","35700",2024,178,129,47,1,0,1,0,205,65,38,0,0,0,134,44
"North Port-Sarasota-Bradenton, FL","35840",2024,91,61,29,0,1,0,0,169,60,47,0,0,40,51,0
"Norwich-New London, CT","35980",2024,91,83,8,0,0,0,0,56,48,31,0,0,27,64,0
"Ocala, FL","36100",2024,91,41,50,0,0,0,0,89,60,52,0,0,17,74,0
"Odessa, TX","36220",2024,119,98,21,0,0,0,0,88,54,31,0,0,0,119,0
"Ogden-Clearfield, UT","36260",2024,214,107,97,10,0,0,0,133,87,51,1,4,177,29,3
"Oklahoma City, OK","36420",2024,160,75,84,1,0,0,0,119,74,52,1,9,58,91,1
"Olympia-Tumwater, WA","36500",2024,119,116,3,0,0,0,0,76,32,15,0,0,0,119,0
"Omaha-Council Bluffs, NE-IA","36540",2024,213,130,82,1,0,0,0,101,64,46,0,0,135,74,4
"Orlando-Kissimmee-Sanford, FL","36740",2024,183,124,57,2,0,0,0,149,64,46,1,0,113,69,0
"Othello, WA","36830",2024,121,121,0,0,0,0,0,47,29,15,0,0,0,121,0
"Owensboro, KY","36980",2024,31,31,0,0,0,0,0,50,46,38,0,0,31,0,0
"Oxford, NC","37080",2024,61,52,9,0,0,0,0,90,54,44,0,0,61,0,0
"Oxnard-Thousand Oaks-Ventura, CA","37100",2024,121,105,16,0,0,0,0,97,53,41,0,0,92,28,1
"Paducah, KY-IL","37140",2024,91,74,17,0,0,0,0,65,53,38,0,6,18,67,0
"Pahrump, NV","37220",2024,91,87,4,0,0,0,0,68,28,13,0,0,0,0,91
"Palatka, FL","37260",2024,88,87,1,0,0,0,0,52,33,20,0,0,0,0,88
"Palm Bay-Melbourne-Titusville, FL","37340",2024,91,81,10,0,0,0,0,64,51,42,0,0,77,14,0
"Panama City, FL","37460",2024,89,50,39,0,0,0,0,68,58,48,0,0,25,64,0
"Parkersburg-Vienna, WV","37620",2024,48,40,8,0,0,0,0,60,55,39,0,0,26,22,0
"Payson, AZ","37740",2024,182,102,63,17,0,0,0,140,100,48,0,0,169,0,13
"Pensacola-Ferry Pass-Brent, FL","37860",2024,182,109,73,0,0,0,0,84,61,47,0,0,77,105,0
"Peoria, IL","37900",2024,160,115,45,0,0,0,0,100,61,44,0,0,95,65,0
"Philadelphia-Camden-Wilmington, PA-NJ-DE-MD","37980",2024,182,91,90,1,0,0,0,126,74,51,0,2,70,110,0
"Phoenix-Mesa-Scottsdale, AZ","38060",2024,213,33,164,15,0,1,0,261,97,67,0,0,142,55,16
"Pierre, SD","38180",2024,91,90,1,0,0,0,0,52,21,6,0,0,0,91,0
"Pittsburgh, PA","38300",2024,152,90,61,1,0,0,0,103,65,44,0,2,24,126,0
"Pittsfield, MA","38340",2024,182,155,27,0,0,0,0,97,54,39,0,0,139,43,0
"Platteville, WI","38420",2024,91,63,28,0,0,0,0,80,57,40,0,0,0,91,0
"Pocatello, ID","38540",2024,91,87,4,0,0,0,0,57,36,14,0,0,0,50,41
"Ponca City, OK","38620",2024,142,78,59,4,1,0,0,193,69,48,0,0,0,142,0
"Ponce, PR","38660",2024,173,164,9,0,0,0,0,64,41,8,82,0,0,19,72
"Port Angeles, WA","38820",2024,121,106,15,0,0,0,0,59,51,39,0,0,72,49,0
"Port St. Lucie, FL","38940",2024,91,84,7,0,0,0,0,58,48,41,0,0,72,19,0
"Portland-South Portland, ME","38860",2024,213,161,51,1,0,0,0,129,61,41,0,0,149,60,4
"Portland-Vancouver-Hillsboro, OR-WA","38900",2024,121,102,19,0,0,0,0,66,54,33,0,2,40,79,0
"Portsmouth, OH","39020",2024,182,131,51,0,0,0,0,80,57,38,0,0,0,177,5
"Prescott, AZ","39140",2024,181,112,67,2,0,0,0,115,87,47,0,0,181,0,0
"Price, UT","39220",2024,182,144,38,0,0,0,0,74,58,43,0,0,179,3,0
"Prineville, OR","39260",2024,91,75,16,0,0,0,0,75,54,31,0,0,0,91,0
"Providence-Warwick, RI-MA","39300",2024,182,155,26,1,0,0,0,101,53,41,0,2,146,34,0
"Provo-Orem, UT","39340",2024,183,127,55,1,0,0,0,105,64,44,1,1,141,39,1
"Pueblo, CO","39380",2024,152,136,15,1,0,0,0,105,51,40,0,0,108,36,8
"Pullman, WA","39420",2024,121,117,4,0,0,0,0,58,29,14,0,0,0,121,0
"Quincy, IL-MO","39500",2024,116,103,13,0,0,0,0,97,51,43,0,0,116,0,0
"Racine, WI","39540",2024,7,7,0,0,0,0,0,44,44,41,0,0,7,0,0
"Raleigh, NC","39580",2024,183,154,29,0,0,0,0,81,55,36,1,61,71,50,0
"Rapid City, SD","39660",2024,91,68,22,1,0,0,0,111,61,44,0,0,62,9,20
"Reading, PA","39740",2024,152,118,34,0,0,0,0,91,58,33,0,0,0,152,0
"Red Bluff, CA","39780",2024,91,89,2,0,0,0,0,54,39,31,0,0,69,22,0
"Red Wing, MN","39860",2024,30,30,0,0,0,0,0,44,41,37,0,0,30,0,0
"Redding, CA","39820",2024,156,148,8,0,0,0,0,84,49,42,0,0,137,14,5
"Reno, NV","39900",2024,92,73,19,0,0,0,0,78,58,45,1,2,60,29,0
"Richmond, VA","40060",2024,213,152,61,0,0,0,0,80,56,44,0,9,97,107,0
"Riverside-San Bernardino-Ontario, CA","40140",2024,153,27,101,20,5,0,0,193,112,67,1,1,65,64,22
"Riverton, WY","40180",2024,159,130,29,0,0,0,0,75,56,41,0,0,54,105,0
"Roanoke Rapids, NC","40260",2024,174,164,10,0,0,0,0,82,37,8,0,87,0,87,0
"Roanoke, VA","40220",2024,213,165,48,0,0,0,0,68,54,41,0,4,87,122,0
"Rochester, MN","40340",2024,90,73,17,0,0,0,0,68,56,37,0,0,24,66,0
"Rochester, NY","40380",2024,183,144,39,0,0,0,0,81,54,39,1,1,108,73,0
"Rock Springs, WY","40540",2024,176,173,2,1,0,0,0,118,44,32,0,1,85,87,3
"Rockford, IL","40420",2024,182,133,49,0,0,0,0,84,58,43,0,0,98,84,0
"Rockland, ME","40500",2024,203,192,11,0,0,0,0,84,45,35,0,0,203,0,0
"Rocky Mount, NC","40580",2024,111,100,11,0,0,0,0,76,50,37,0,0,53,58,0
"Rome, GA","40660",2024,179,118,61,0,0,0,0,79,62,37,0,0,0,179,0
"Rutland, VT","40860",2024,92,73,19,0,0,0,0,61,56,38,1,0,33,58,0
"Sacramento--Roseville--Arden-Arcade, CA","40900",2024,158,98,60,0,0,0,0,93,61,48,0,0,97,60,1
"Salem, OH","41400",2024,33,33,0,0,0,0,0,34,17,11,0,0,0,0,33
"Salem, OR","41420",2024,91,77,14,0,0,0,0,65,52,24,0,0,0,91,0
"Salinas, CA","41500",2024,122,117,5,0,0,0,0,61,45,37,1,0,97,24,0
"Salisbury, MD-DE","41540",2024,91,76,15,0,0,0,0,75,55,38,0,0,59,32,0
"Salt Lake City, UT","41620",2024,214,115,84,14,1,0,0,176,93,49,1,6,153,51,3
"San Antonio-New Braunfels, TX","41700",2024,122,60,61,0,1,0,0,199,70,51,1,0,32,87,2
"San Diego-Carlsbad, CA","41740",2024,150,95,51,4,0,0,0,119,77,46,0,0,133,17,0
"San Francisco-Oakland-Hayward, CA","41860",2024,61,30,31,0,0,0,0,67,59,51,1,0,5,55,0
"San Jose-Sunnyvale-Santa Clara, CA","41940",2024,151,125,26,0,0,0,0,80,54,40,0,1,109,41,0
"San Juan-Carolina-Caguas, PR","41980",2024,183,53,81,31,14,0,4,1133,146,78,3,0,9,143,28
"San Luis Obispo-Paso Robles-Arroyo Grande, CA","42020",2024,152,146,6,0,0,0,0,58,45,39,0,0,144,8,0
"Sandpoint, ID","41760",2024,91,86,5,0,0,0,0,60,48,28,0,0,0,87,4
"Santa Cruz-Watsonville, CA","42100",2024,121,111,10,0,0,0,0,58,47,39,0,0,56,65,0
"Santa Fe, NM","42140",2024,89,87,2,0,0,0,0,64,46,39,0,0,88,1,0
"Santa Maria-Santa Barbara, CA","42200",2024,92,84,8,0,0,0,0,60,46,39,1,0,71,20,0
"Santa Rosa, CA","42220",2024,91,90,1,0,0,0,0,53,36,29,2,0,44,14,31
"Savannah, GA","42340",2024,179,133,45,1,0,0,0,130,61,42,0,0,46,133,0
"Sayre, PA","42380",2024,145,122,23,0,0,0,0,69,54,27,0,0,0,145,0
"Scottsbluff, NE","42420",2024,197,181,16,0,0,0,0,88,43,9,0,0,0,197,0
"Scranton--Wilkes-Barre--Hazleton, PA","42540",2024,153,142,11,0,0,0,0,64,48,28,1,59,0,93,0
"Seattle-Tacoma-Bellevue, WA","42660",2024,122,70,52,0,0,0,0,96,61,47,1,1,45,75,0
"Sebastian-Vero Beach, FL","42680",2024,147,146,1,0,0,0,0,51,45,37,0,0,147,0,0
"Sebring, FL","42700",2024,181,151,30,0,0,0,0,77,58,41,0,0,181,0,0
"Sevierville, TN","42940",2024,149,118,31,0,0,0,0,74,61,44,0,0,149,0,0
"Sheboygan, WI","43100",2024,7,7,0,0,0,0,0,44,44,44,0,0,7,0,0
"Shelton, WA","43220",2024,121,116,5,0,0,0,0,55,43,19,0,0,0,121,0
"Sheridan, WY","43260",2024,121,118,3,0,0,0,0,55,42,19,0,0,0,90,31
"Show Low, AZ","43320",2024,182,182,0,0,0,0,0,45,19,12,0,0,0,0,182
"Shreveport-Bossier City, LA","43340",2024,182,113,67,2,0,0,0,101,61,46,0,0,90,90,2
"Sierra Vista-Douglas, AZ","43420",2024,182,124,52,6,0,0,0,120,80,45,0,0,145,0,37
"Sioux City, IA-NE-SD","43580",2024,172,135,37,0,0,0,0,84,58,43,0,0,144,28,0
"Sioux Falls, SD","43620",2024,92,82,10,0,0,0,0,66,51,26,1,3,48,40,0
"Somerset, KY","43700",2024,91,75,16,0,0,0,0,68,54,36,0,0,17,74,0
"Somerset, PA","43740",2024,150,142,8,0,0,0,0,87,49,37,0,0,150,0,0
"Sonora, CA","43760",2024,31,31,0,0,0,0,0,44,34,28,0,0,31,0,0
"South Bend-Mishawaka, IN-MI","43780",2024,182,123,59,0,0,0,0,87,62,44,0,0,109,73,0
"Spartanburg, SC","43900",2024,213,114,98,1,0,0,0,112,71,49,0,0,91,122,0
"Spokane-Spokane Valley, WA","44060",2024,121,84,37,0,0,0,0,87,60,34,0,0,0,104,17
"Springfield, IL","44100",2024,182,132,49,1,0,0,0,105,58,43,0,0,89,93,0
"Springfield, MA","44140",2024,182,146,34,2,0,0,0,119,56,40,0,3,142,37,0
"Springfield, MO","44180",2024,89,58,31,0,0,0,0,82,67,40,0,0,18,71,0
"Springfield, OH","44220",2024,182,116,64,2,0,0,0,133,64,45,0,0,77,105,0
"St. Cloud, MN","41060",2024,90,70,20,0,0,0,0,66,59,37,0,0,26,64,0
"St. George, UT","41100",2024,213,143,70,0,0,0,0,90,71,46,0,0,211,2,0
"St. Joseph, MO-KS","41140",2024,89,52,37,0,0,0,0,75,59,44,0,0,15,70,4
"St. Louis, MO-IL","41180",2024,182,82,96,2,2,0,0,165,76,51,0,2,72,99,9
"St. Marys, PA","41260",2024,145,138,7,0,0,0,0,61,46,36,0,0,145,0,0
"State College, PA","44300",2024,152,131,21,0,0,0,0,87,54,40,0,1,125,26,0
"Steamboat Springs, CO","44460",2024,151,150,1,0,0,0,0,53,31,12,0,0,0,0,151
"Stockton-Lodi, CA","44700",2024,31,10,21,0,0,0,0,79,72,55,0,0,1,30,0
"Summerville, GA","44900",2024,89,87,2,0,0,0,0,67,48,39,0,0,89,0,0
"Syracuse, NY","45060",2024,182,168,14,0,0,0,0,84,50,37,0,0,142,40,0
"Tallahassee, FL","45220",2024,91,58,33,0,0,0,0,87,66,43,0,0,30,61,0
"Tampa-St. Petersburg-Clearwater, FL","45300",2024,183,71,109,3,0,0,0,132,67,52,1,0,64,118,0
"Taos, NM","45340",2024,90,90,0,0,0,0,0,46,31,14,0,0,0,90,0
"Terre Haute, IN","45460",2024,182,109,73,0,0,0,0,90,63,46,0,0,87,95,0
"Texarkana, TX-AR","45500",2024,121,79,42,0,0,0,0,68,58,41,0,0,0,121,0
"The Dalles, OR","45520",2024,89,74,15,0,0,0,0,75,55,24,0,0,0,89,0
"Toledo, OH","45780",2024,182,88,92,2,0,0,0,119,71,51,0,0,83,99,0
"Topeka, KS","45820",2024,91,79,12,0,0,0,0,68,52,38,0,0,62,29,0
"Torrington, CT","45860",2024,92,89,3,0,0,0,0,53,44,37,3,0,80,9,0
"Traverse City, MI","45900",2024,31,31,0,0,0,0,0,45,41,38,0,0,31,0,0
"Trenton, NJ","45940",2024,150,120,30,0,0,0,0,100,59,40,0,0,110,40,0
"Truckee-Grass Valley, CA","46020",2024,91,86,5,0,0,0,0,69,44,32,0,0,67,24,0
"Tucson, AZ","46060",2024,183,88,88,5,2,0,0,171,87,51,1,0,125,37,20
"Tulsa, OK","46140",2024,152,73,76,2,1,0,0,179,67,51,0,0,64,87,1
"Tupelo, MS","46180",2024,31,31,0,0,0,0,0,50,47,40,0,0,31,0,0
"Tuscaloosa, AL","46220",2024,120,103,15,2,0,0,0,125,53,28,0,0,21,99,0
"Twin Falls, ID","46300",2024,87,86,1,0,0,0,0,52,25,12,0,0,0,87,0
"Tyler, TX","46340",2024,120,113,7,0,0,0,0,80,49,39,0,0,120,0,0
"Urban Honolulu, HI","46520",2024,92,89,3,0,0,0,0,85,42,36,1,0,56,35,0
"Utica-Rome, NY","46540",2024,150,135,15,0,0,0,0,58,51,26,0,0,0,150,0
"Valdosta, GA","46660",2024,161,101,59,1,0,0,0,110,59,43,0,0,0,161,0
"Vallejo-Fairfield, CA","46700",2024,106,98,8,0,0,0,0,67,49,36,0,2,67,22,15
"Vermillion, SD","46820",2024,91,71,20,0,0,0,0,64,56,36,0,0,41,50,0
"Vernal, UT","46860",2024,213,142,69,2,0,0,0,112,67,46,0,0,200,13,0
"Victoria, TX","47020",2024,89,87,2,0,0,0,0,58,46,35,0,0,89,0,0
"Vincennes, IN","47180",2024,146,136,10,0,0,0,0,64,49,37,0,0,146,0,0
"Vineland-Bridgeton, NJ","47220",2024,90,79,11,0,0,0,0,64,52,37,0,2,65,23,0
"Vineyard Haven, MA","47240",2024,181,171,9,1,0,0,0,108,46,38,0,0,181,0,0
"Virginia Beach-Norfolk-Newport News, VA-NC","47260",2024,213,162,51,0,0,0,0,86,56,42,0,9,89,115,0
"Visalia-Porterville, CA","47300",2024,157,71,81,5,0,0,0,133,84,52,0,0,86,71,0
"Wabash, IN","47340",2024,152,141,11,0,0,0,0,77,49,35,0,0,152,0,0
"Waco, TX","47380",2024,122,78,44,0,0,0,0,76,63,47,1,0,30,91,0
"Walla Walla, WA","47460",2024,152,140,12,0,0,0,0,79,48,37,0,0,115,35,2
"Warner Robins, GA","47580",2024,179,121,57,1,0,0,0,105,61,41,0,0,0,179,0
"Washington-Arlington-Alexandria, DC-VA-MD-WV","47900",2024,213,121,89,3,0,0,0,114,64,48,0,8,103,102,0
"Waterloo-Cedar Falls, IA","47940",2024,212,127,85,0,0,0,0,87,61,46,0,0,86,126,0
"Watertown, SD","47980",2024,91,74,17,0,0,0,0,65,53,36,0,0,11,78,2
"Watertown-Fort Atkinson, WI","48020",2024,7,7,0,0,0,0,0,44,44,39,0,0,7,0,0
"Watertown-Fort Drum, NY","48060",2024,181,173,8,0,0,0,0,80,44,34,0,0,181,0,0
"Wausau, WI","48140",2024,91,76,15,0,0,0,0,67,54,29,0,0,7,84,0
"Weirton-Steubenville, WV-OH","48260",2024,182,115,67,0,0,0,0,93,63,45,0,0,78,104,0
"Wenatchee, WA","48300",2024,121,112,9,0,0,0,0,65,47,26,0,0,0,121,0
"Wheeling, WV-OH","48540",2024,182,114,68,0,0,0,0,81,61,46,0,2,13,144,23
"Whitewater-Elkhorn, WI","48580",2024,7,7,0,0,0,0,0,44,44,40,0,0,7,0,0
"Wichita, KS","48620",2024,91,73,18,0,0,0,0,83,54,38,0,1,50,38,2
"Williamsport, PA","48700",2024,144,119,25,0,0,0,0,80,54,28,0,0,0,144,0
"Wilmington, NC","48900",2024,121,98,23,0,0,0,0,97,57,41,0,0,53,68,0
"Wilmington, OH","48940",2024,122,96,24,2,0,0,0,112,64,44,0,0,122,0,0
"Winchester, VA-WV","49020",2024,213,170,42,1,0,0,0,102,54,41,0,0,82,131,0
"Winston-Salem, NC","49180",2024,152,95,56,1,0,0,0,111,71,47,0,3,71,78,0
"Worcester, MA-CT","49340",2024,183,167,16,0,0,0,0,90,50,38,1,7,145,28,2
"Yakima, WA","49420",2024,121,91,30,0,0,0,0,88,58,33,0,0,0,120,1
"York-Hanover, PA","49620",2024,152,112,40,0,0,0,0,96,58,36,0,18,0,134,0
"Youngstown-Warren-Boardman, OH-PA","49660",2024,182,116,66,0,0,0,0,97,61,46,0,0,97,85,0
"Yuba City, CA","49700",2024,31,24,7,0,0,0,0,61,57,33,0,0,11,20,0
"Yuma, AZ","49740",2024,182,123,58,1,0,0,0,101,75,44,0,0,117,28,37
